Name,Wait Time,Delivery Fee,Link
TEX 808 BBQ + BREWS Waikiki,30 - 40 mins,1.99,https://postmates.com/store/tex-808-bbq-%2B-brews-waikiki/cYXNMgsgUNioRuFQC2XS-A
Scratch Kitchen,40 - 50 mins,2.99,https://postmates.com/store/scratch-kitchen/PnLjbhwRX0m8aDIFEkwSJA
Wings Out (Honolulu),25 - 35 mins,2.99,https://postmates.com/store/wings-out-honolulu/vNbG19NGX5y3ofVkzXSQAg
"Buddy V's Cake Slice (1030 Auahi Street, Bay 1)",30 - 40 mins,2.99,https://postmates.com/store/buddy-vs-cake-slice-1030-auahi-street-bay-1/Eu59ybVXT9m3zHk7xS7UWg
Royal Palace Chinese Restaurant,50 - 60 mins,14.99,https://postmates.com/store/royal-palace-chinese-restaurant/6vkROJgBVgeexkCVln7MqQ
Starbucks (Manoa Valley - E Manoa Road),15 - 25 mins,1.99,https://postmates.com/store/starbucks-manoa-valley-e-manoa-road/U0AYm1TISh-uidgMyMdulQ
Teapresso Bar (Waialae),10 - 20 mins,1.99,https://postmates.com/store/teapresso-bar-waialae/-27DGw2dSGyUVGwrdSR1dg
McDonald's® (2237 KUHIO AVE),15 - 25 mins,3.99,https://postmates.com/store/mcdonalds-2237-kuhio-ave/5yOaZ4zYQhaI8wmZc060Lw
Lunar Tea,15 - 25 mins,0.99,https://postmates.com/store/lunar-tea/1lre_wSGSkqvmwNYh2HTIA
S7 Icy Bubble,20 - 30 mins,1.99,https://postmates.com/store/s7-icy-bubble/Pf-9DKJiRKOc1Mmkx9jUiw
Mr. Tea Cafe (Kapiolani Blvd),25 - 35 mins,5.99,https://postmates.com/store/mr-tea-cafe-kapiolani-blvd/kt-9MmxXSdeMc1WE9IbIng
Honolulu Sushi (Keeaumoku & Rycroft),30 - 45 mins,0.99,https://postmates.com/store/honolulu-sushi-keeaumoku-%26-rycroft/avFMuLSQTTazs72G8TYufg
The Boiling Crab (Honolulu),40 - 50 mins,0.99,https://postmates.com/store/the-boiling-crab-honolulu/9jIugqD7R8W8HvAuXpxe1A
Kozo Sushi (S King),20 - 30 mins,0.99,https://postmates.com/store/kozo-sushi-s-king/jqjK8mA2Rdy9X54lVjN_gA
tsukuneya hawaii,30 - 40 mins,0.99,https://postmates.com/store/tsukuneya-hawaii/0xPiZxeuQlWmOacgKYlw7A
Redfish Pokebar by Foodland,35 - 45 mins,3.99,https://postmates.com/store/redfish-pokebar-by-foodland/HX0fK1zcT7mYg1jR94MRjw
Jolene's Market,35 - 45 mins,1.99,https://postmates.com/store/jolenes-market/4JEHHQ5jTpyY9ubRXkEZBw
Blue Ocean Seafood & Steak,25 - 35 mins,1.99,https://postmates.com/store/blue-ocean-seafood-%26-steak/JmawdCYGS0md5_BFSTKunQ
Natsuboshi,35 - 45 mins,3.99,https://postmates.com/store/natsuboshi/o6PT42rITy6n1UfzOHFroA
Maple Garden,30 - 40 mins,0.99,https://postmates.com/store/maple-garden/9GUrjVQKTLejivD5GwL07g
Himalayan Kitchen - Honolulu,40 - 50 mins,2.99,https://postmates.com/store/himalayan-kitchen-honolulu/OnH8afdFSEe-s-7oQDlbwg
Gyu-Kaku Japanese BBQ (Waikiki),30 - 40 mins,1.99,https://postmates.com/store/gyu-kaku-japanese-bbq-waikiki/eC3hG0anSqKLKAIOjWU-vQ
McDonald's® (1055 S BERETANIA ST),15 - 25 mins,4.99,https://postmates.com/store/mcdonalds-1055-s-beretania-st/eIscFZ23SyWqYn8tqO-gkw
KFC (1124 McCully Street),15 - 25 mins,0.99,https://postmates.com/store/kfc-1124-mccully-street/4PM7EOmxS6qZcRBcU_Ljkg
Popeyes (645 Kapalulu Avenue),15 - 25 mins,3.99,https://postmates.com/store/popeyes-645-kapalulu-avenue/wbSmgwHxR6a8jZr2LCW1rA
Jack in the Box (1525 S. King Street),15 - 25 mins,1.99,https://postmates.com/store/jack-in-the-box-1525-s-king-street/EqKa_gOtSfqbvuHZL4-UtQ
Subway (1249 Wilder Ave),15 - 25 mins,1.99,https://postmates.com/store/subway-1249-wilder-ave/O2dCddv0TUyiK60UHJNcaw
"L&L Hawaiian BBQ (2919 Kapiolani Blvd., #103)",15 - 25 mins,1.99,https://postmates.com/store/l%26l-hawaiian-bbq-2919-kapiolani-blvd-%23103/lEKWDUAJTd6NL76YfB-dDQ
Taco Bell (717 Kapahulu Ave),15 - 25 mins,3.99,https://postmates.com/store/taco-bell-717-kapahulu-ave/XV06_CN3QwOBWtBUlxe3iQ
Panda Express (890 Kapahulu Avenue),15 - 25 mins,3.99,https://postmates.com/store/panda-express-890-kapahulu-avenue/Q61kyd1gQaCzUSjDrN8Ufg
Panda Express (1505 S. King St.),15 - 25 mins,3.99,https://postmates.com/store/panda-express-1505-s-king-st/y3u4M6F-RiyLwM_1riQtfQ
Jack in the Box (1970 S. King Street),15 - 25 mins,2.99,https://postmates.com/store/jack-in-the-box-1970-s-king-street/a-gflQW0SNivY76YNeskow
Burger King (2536 South Beretania Street),20 - 30 mins,3.99,https://postmates.com/store/burger-king-2536-south-beretania-street/HFRLn-oiSAO2C5a2ZwmU1A
Buffalo Wild Wings (1450 Ala Moana Blvd.),45 - 55 mins,0.99,https://postmates.com/store/buffalo-wild-wings-1450-ala-moana-blvd/WKTqJxwMTwuIVsM4j0ho9A
"California Pizza Kitchen (1450 Ala Moana Bl, Sp. 3241)",35 - 45 mins,0.99,https://postmates.com/store/california-pizza-kitchen-1450-ala-moana-bl-sp-3241/Liny1SPCTUWGypLljQI6NA
Pearl’s Korean BBQ (Don Quijote),20 - 30 mins,1.99,https://postmates.com/store/pearls-korean-bbq-don-quijote/q3a7t_NvR4m3wh1jcvZH7A
HI Steaks Ala Moana,30 - 40 mins,2.99,https://postmates.com/store/hi-steaks-ala-moana/HHivHIlhStGfjs8-n3uMGw
Papa John's Pizza (Kapiolani),35 - 50 mins,1.99,https://postmates.com/store/papa-johns-pizza-kapiolani/EYfO2umBS6-K-MJiga6IhA
The Old Spaghetti Factory (Honolulu),30 - 40 mins,3.99,https://postmates.com/store/the-old-spaghetti-factory-honolulu/r3GnXEYXSAm5Upk15-MgBg
Brooklyn Calzones (2756 Woodlawn Dr),35 - 45 mins,1.99,https://postmates.com/store/brooklyn-calzones-2756-woodlawn-dr/CxpgfUJjQriAtuqa6OhygA
The Burger Den (205 Lewers St),30 - 40 mins,2.99,https://postmates.com/store/the-burger-den-205-lewers-st/7JxRio68Sbe5UraRfA6yYg
L&L Hawaiian BBQ (310 Kamakee St),30 - 40 mins,2.99,https://postmates.com/store/l%26l-hawaiian-bbq-310-kamakee-st/ZadsXcsMTvq45clrzh1BHQ
"Foodgod Truffle Fries (1030 Auahi Street, Bay 1)",35 - 45 mins,2.99,https://postmates.com/store/foodgod-truffle-fries-1030-auahi-street-bay-1/Ou8EX6u3TEGpsbcGj4_vKw
Outback Steakhouse (6650 Kalanianaole Highway),40 - 50 mins,13.99,https://postmates.com/store/outback-steakhouse-6650-kalanianaole-highway/YEqPxFG1S3CnMjRNfj2aCw
Cinnabon (1450 Ala Moana Blvd. #1105),25 - 35 mins,2.99,https://postmates.com/store/cinnabon-1450-ala-moana-blvd-%231105/qR5ZJnPYQRGTsZ-gd_VU-g
House of Wong Restaurant,25 - 35 mins,0.99,https://postmates.com/store/house-of-wong-restaurant/VmVk0h5_RZebexuKMEpPAA
The Signature Prime Steak & Seafood,40 - 50 mins,1.99,https://postmates.com/store/the-signature-prime-steak-%26-seafood/HhNIx68bTfC0PyQdSvanAw
8 Fat Fat 8,40 - 50 mins,1.99,https://postmates.com/store/8-fat-fat-8/8iv3kGW_QNSIiv5k7toUIg
Hula Grill Waikiki,35 - 45 mins,2.99,https://postmates.com/store/hula-grill-waikiki/8PuEDQQTRPSDh-bz0YKzrQ
Chicken & Brisket,40 - 50 mins,4.99,https://postmates.com/store/chicken-%26-brisket/YpF6_KMKRxqoO4x6UIglcw
Golden Duck Chinese Restaurant,35 - 45 mins,2.99,https://postmates.com/store/golden-duck-chinese-restaurant/mY2r1bdRStaqYI3YzGeFZg
Pho 777,30 - 40 mins,1.99,https://postmates.com/store/pho-777/hNbPw9LJSqKYDfXqbvoBow
Hale Vietnam,35 - 45 mins,2.99,https://postmates.com/store/hale-vietnam/EPBDpxCOTQSs35mVKaiyEw
Thai Issan Waikiki,30 - 40 mins,1.99,https://postmates.com/store/thai-issan-waikiki/katAkwBbTKCUXtI7pPlueg
Down to Earth (King St),20 - 30 mins,1.99,https://postmates.com/store/down-to-earth-king-st/LhTvuzzVTBma9QsxppQ7Zg
Bar Koko and Persian Restaurant,40 - 50 mins,2.99,https://postmates.com/store/bar-koko-and-persian-restaurant/KLaJiyZ-TQKsELVE_JUUaQ
J & B Pizza Manoa,30 - 40 mins,1.99,https://postmates.com/store/j-%26-b-pizza-manoa/xWTGt1USTzez1jLYr9GpmQ
Thai Lao Restaurant (Kapiolani),35 - 45 mins,1.99,https://postmates.com/store/thai-lao-restaurant-kapiolani/axUb71KTQQiQrF84Cwhcug
Serg's Mexican Kitchen,25 - 35 mins,1.99,https://postmates.com/store/sergs-mexican-kitchen/xYGHTxbETmSmLP2AIM8kqQ
Blue Truck Teppanyaki,15 - 25 mins,0.99,https://postmates.com/store/blue-truck-teppanyaki/JdoGQORkRueeEK5oiQgylA
The Ripple of Smiles (Honolulu),35 - 50 mins,1.99,https://postmates.com/store/the-ripple-of-smiles-honolulu/U6yRpH5LQ-C8PsNjF6cUlg
So Gong Dong,35 - 50 mins,1.99,https://postmates.com/store/so-gong-dong/TzltDxuRSPS0CObOxT_atg
Golden pork Tonkotsu Ramen Bar,25 - 35 mins,2.99,https://postmates.com/store/golden-pork-tonkotsu-ramen-bar/3lTFtSjFSCqfzHtYLcuZeQ
Himalayan Kitchen - Kailua Rd,70 - 80 mins,14.99,https://postmates.com/store/himalayan-kitchen-kailua-rd/iQvTj04GRlumP1DlrsiiYA
Popeyes (Pearl Harbor Mall - Building 631 4275 Radford Dr),40 - 50 mins,14.99,https://postmates.com/store/popeyes-pearl-harbor-mall-building-631-4275-radford-dr/usix2Y3DR_q63zmC63GOaw
Dairy Queen (4725 Bougainville Dr),35 - 45 mins,14.99,https://postmates.com/store/dairy-queen-4725-bougainville-dr/Ty6QzF_1QmOCH52nx6zMXw
HI Steaks Kailua,45 - 55 mins,14.99,https://postmates.com/store/hi-steaks-kailua/B_AtEjGxSa6GVJqsPUVWvQ
KFC (4819 Bougainville Drive),35 - 45 mins,14.99,https://postmates.com/store/kfc-4819-bougainville-drive/FUrnYgiFQreO-QY-Cq6cnA
Teddy's Bigger Burgers (Hawaii Kai),40 - 50 mins,13.99,https://postmates.com/store/teddys-bigger-burgers-hawaii-kai/U1nT-lv1RF-JR9j2T4Y1Jw
Baskin-Robbins (930 Valkenburgh St),40 - 50 mins,14.99,https://postmates.com/store/baskin-robbins-930-valkenburgh-st/NYQ9XtunShSPKadbliHcbQ
Doraku Sushi - Kalakaua,45 - 55 mins,1.99,https://postmates.com/store/doraku-sushi-kalakaua/ml0gqrb4RL6RKCjIB4gE5w
Oh My Grill (McCully),20 - 30 mins,0.99,https://postmates.com/store/oh-my-grill-mccully/i29EhIo8Sq-F3tK61zY4dQ
Doraku Kaka'ako Izakaya and Sushi,55 - 65 mins,0.99,https://postmates.com/store/doraku-kakaako-izakaya-and-sushi/i02dxvNkSZCj7ta2q9NGzA
SURF N TURF TACOS,25 - 35 mins,1.99,https://postmates.com/store/surf-n-turf-tacos/7ypNVSjwQbCIwMkWBRPsDA
Hoku Cafe,30 - 40 mins,1.99,https://postmates.com/store/hoku-cafe/kK9mQDYjQBmt1b-zhmYOzQ
Aloha Table,30 - 40 mins,1.99,https://postmates.com/store/aloha-table/FDelRPUOSF-e2iUbeMdssg
Shingen,35 - 45 mins,0.99,https://postmates.com/store/shingen/KkcAKY4jSvqo45SM_dWokw
Le'ahi Bar & Grill,30 - 40 mins,2.99,https://postmates.com/store/leahi-bar-%26-grill/Kum-lVFCQLKIHYMJe1r5xw
Frostcity,30 - 40 mins,0.99,https://postmates.com/store/frostcity/EQMjEFyTTV-Qz_KTYEuWzQ
Tim Ho Wan (Waikiki),35 - 45 mins,1.99,https://postmates.com/store/tim-ho-wan-waikiki/79QqeJ6WTpigNDYZ71oBeA
Ice Cream Rolls Hawaii,25 - 35 mins,2.99,https://postmates.com/store/ice-cream-rolls-hawaii/Ku8SToOOXjuZ9dJUPMHYYg
Off The Wall Craft Beer & Wine,40 - 50 mins,2.99,https://postmates.com/store/off-the-wall-craft-beer-%26-wine/REWoPd9WWWquNmgWqjHWhQ
"NASCAR Refuel - Honolulu (1030 Auahi Street, Bay 1)",35 - 45 mins,2.99,https://postmates.com/store/nascar-refuel-honolulu-1030-auahi-street-bay-1/yY9Q26tCWAy_2ne1df4qUA
Dave's Ice Cream (Rainbow Country),15 - 25 mins,1.99,https://postmates.com/store/daves-ice-cream-rainbow-country/V8aT28vcTf2t9k722KWWng
"Mariah's Cookies (1030 Auahi Street, Bay 1)",25 - 35 mins,2.99,https://postmates.com/store/mariahs-cookies-1030-auahi-street-bay-1/zME6hHYLRWeOK7ZWepALDA
Pressed - Ala Moana Center,30 - 40 mins,2.99,https://postmates.com/store/pressed-ala-moana-center/cNDrVu63TW2uUjlZX-4vPg
tsukuneya hawaii,0 - 1 mins,25–35,https://postmates.com/store/tsukuneya-hawaii/0xPiZxeuQlWmOacgKYlw7A?diningMode=PICKUP
Blue Truck Teppanyaki,0 - 2 mins,10–20,https://postmates.com/store/blue-truck-teppanyaki/JdoGQORkRueeEK5oiQgylA?diningMode=PICKUP
Teddy's Bigger Burgers (University),0 - 3 mins,10–20,https://postmates.com/store/teddys-bigger-burgers-university/ApdEKTjqQgSqGuip1zm1uA?diningMode=PICKUP
Burger King (2536 South Beretania Street),0 - 3 mins,5–15,https://postmates.com/store/burger-king-2536-south-beretania-street/HFRLn-oiSAO2C5a2ZwmU1A?diningMode=PICKUP
Subway (2509 S King St),0 - 4 mins,15–25,https://postmates.com/store/subway-2509-s-king-st/DFvsggmOT9mbjUY-TB9D2w?diningMode=PICKUP
Down to Earth (King St),0 - 4 mins,20–30,https://postmates.com/store/down-to-earth-king-st/LhTvuzzVTBma9QsxppQ7Zg?diningMode=PICKUP
McDonald's® (2121 S KING ST),15 - 25 mins,3.99,https://postmates.com/store/mcdonalds-2121-s-king-st/5LFf7CRyTgiR4dl9wJj8bw
"California Pizza Kitchen (2284 Kalakaua Ave, Space E)",35 - 45 mins,0.99,https://postmates.com/store/california-pizza-kitchen-2284-kalakaua-ave-space-e/ydyg1XRZT0WMkPkhTRD9Dg
Marukame Udon - Waikiki,40 - 50 mins,1.99,https://postmates.com/store/marukame-udon-waikiki/MOkI6yCQQRqkJDmhWI7U8Q
Pieology Pizzeria (2615 S. King Street),25 - 35 mins,0.99,https://postmates.com/store/pieology-pizzeria-2615-s-king-street/B3KQ2-knTMu06pwNhstjBw
Baskin-Robbins (1618 S. King St),15 - 25 mins,1.99,https://postmates.com/store/baskin-robbins-1618-s-king-st/wbidx466R4mCKlwuvQBBsw
Jersey Mike's (2615 S. King St),20 - 30 mins,1.99,https://postmates.com/store/jersey-mikes-2615-s-king-st/w1l1wIeoSkmfNZtCXLr0fQ
Starbucks (1450 Ala Moana Blvd Ste 1000),30 - 40 mins,2.99,https://postmates.com/store/starbucks-1450-ala-moana-blvd-ste-1000/YWooeY7vQQ25T2ZtjKW63g
Subway (2509 S King St),15 - 25 mins,0.99,https://postmates.com/store/subway-2509-s-king-st/DFvsggmOT9mbjUY-TB9D2w
Alejandros Mexican Food (Kapahulu),35 - 45 mins,1.99,https://postmates.com/store/alejandros-mexican-food-kapahulu/N6iMSs4kREGk29z8g2rdpA
Sumo Ramen & Curry,20 - 30 mins,1.99,https://postmates.com/store/sumo-ramen-%26-curry/QedumsMvQLSWTgaKMxDOUg
Teddy's Bigger Burgers (University),20 - 30 mins,0.99,https://postmates.com/store/teddys-bigger-burgers-university/ApdEKTjqQgSqGuip1zm1uA
Zippy's McCully,20 - 30 mins,0.99,https://postmates.com/store/zippys-mccully/T7uXnk1vQ1OxaNA7KihxdQ
Thai Issan Cuisine,30 - 40 mins,1.99,https://postmates.com/store/thai-issan-cuisine/WhFGcUhGRbS-IDQxviwCQQ
Chronic Tacos (888 Kapahulu Ave),20 - 30 mins,2.99,https://postmates.com/store/chronic-tacos-888-kapahulu-ave/O4l8Vx5mQtiDGYJxordxpg
Koki's Kitchen Waikiki Express,30 - 40 mins,1.99,https://postmates.com/store/kokis-kitchen-waikiki-express/cnRebgkGWryz_HER1rV1Bg
Wendy's (630 PUULOA ROAD),30 - 40 mins,12.99,https://postmates.com/store/wendys-630-puuloa-road/mDVTeD27T_Cwelnh6TsS2g
Pioneer Saloon,30 - 40 mins,1.99,https://postmates.com/store/pioneer-saloon/iMam8X51SRugkkicxC0LwQ
P.F. Chang's Flagship - Royal Hawaiian,35 - 45 mins,1.99,https://postmates.com/store/pf-changs-flagship-royal-hawaiian/mWdTjOAxToW-DmfG1Uk9xQ
Phuket Thai Restaurant,35 - 45 mins,0.99,https://postmates.com/store/phuket-thai-restaurant/QCltjw6jT3KmqmJN2zrMbA
